"ANO";"REGIAO";"UF";"MUNICIPIO";"AREA";"DEPENDENCIA_ADM";"LOCALIZACAO";"NOTA_LP";"NOTA_MT";"SEXO";"RACA_COR";"MES_NASC";"ANO_NASC";"COMPUTADOR";"ESC_MAE";"ESC_PAI";"USO_TEMPO_TELAS";"AFAZERES_DOM";"TRABALHO";"PERSPECTIVAS"
2017;"Nordeste";"PB";2513158;"Interior";"Municipal";"Urbana";265,256925;305,848101;"Feminino";"Parda";"Maio";"2003";"Sim, um";"Não completou a 4.ª série/5.º ano do Ensino Fundamental";"Não completou a 4.ª série/5.º ano do Ensino Fundametal";"Mais de 2 horas, até 3 horas";"Mais de 3 horas";"Não";"Continuar estudando e trabalhar"
2017;"Nordeste";"MA";2103208;"Interior";"Municipal";"Urbana";179,394525;227,782169;"Masculino";"Preta";"Março";"2002";"Não tem";"Não sei";"Não sei";"Mais de 3 horas";"Não faço trabalhos domésticos";"Não";"Somente continuar estudando"
2017;"Nordeste";"CE";2310308;"Interior";"Municipal";"Urbana";268,480824;271,088551;"Feminino";"Parda";"Outubro";"2002";"Sim, um";"Completou o Ensino Médio, mas não completou a Faculdade";"Não sei";"Entre 1 e 2 horas";"Mais de 2 horas, até 3 horas";"Não";"Continuar estudando e trabalhar"
2017;"Nordeste";"MA";2105401;"Interior";"Municipal";"Rural";147,17477;170,081389;"Masculino";"Parda";"Abril";"2002";"Não tem";"Completou a 8.ª série/9.º ano do Ensino Fundamental, mas não completou o Ensino Médio";"Não completou a 4.ª série/5.º ano do Ensino Fundametal";"Menos de 1 hora";"Não faço trabalhos domésticos";"Não";"Somente continuar estudando"
2017;"Centro-Oeste";"GO";5221700;"Interior";"Estadual";"Urbana";317,290017;300,959591;"Masculino";"Branca";"Fevereiro";"2003";"Sim, um";"Completou o Ensino Médio, mas não completou a Faculdade";"Completou o Ensino Médio, mas não completou a Faculdade";"Mais de 3 horas";"Menos de 1 hora";"Não";"Somente continuar estudando"
2017;"Sudeste";"RJ";3304557;"Capital";"Municipal";"Urbana";310,939736;316,58295;"Masculino";"Preta";"Janeiro";"2003";"Sim, um";"Completou a 4.ª série/5.º ano, mas não completou a 8.ª série/9.º ano do Ensino Fundamental";"Completou a 4.ª série/5.º ano, mas não completou a 8.ª série/9.º ano do Ensino Fundamental";"Mais de 2 horas, até 3 horas";"Não faço trabalhos domésticos";"Não";"Continuar estudando e trabalhar"
2017;"Sudeste";"RJ";3305505;"Interior";"Municipal";"Urbana";185,584926;219,906605;"Masculino";"Indígena";"Fevereiro";"2001";"Não tem";"Completou o Ensino Médio, mas não completou a Faculdade";"Não sei";"Mais de 3 horas";"Não faço trabalhos domésticos";"Sim";"Continuar estudando e trabalhar"
2017;"Norte";"AC";1200500;"Interior";"Estadual";"Urbana";257,739822;226,336794;"Masculino";"Parda";"Outubro";"2002";"Não tem";"Completou a 4.ª série/5.º ano, mas não completou a 8.ª série/9.º ano do Ensino Fundamental";"Completou o Ensino Médio, mas não completou a Faculdade";"Mais de 2 horas, até 3 horas";"Não faço trabalhos domésticos";"Não";"Ainda não sei"
2017;"Nordeste";"BA";2919207;"Interior";"Municipal";"Urbana";248,96984;217,927402;"Feminino";"Preta";"Maio";"2002";"Sim, um";"Completou o Ensino Médio, mas não completou a Faculdade";"Não sei";"Entre 1 e 2 horas";"Entre 1 e 2 horas";"Não";"Continuar estudando e trabalhar"
2017;"Nordeste";"CE";2304400;"Capital";"Estadual";"Urbana";292,535247;243,532851;"Masculino";"Preta";"Janeiro";"2003";"Não tem";"Completou o Ensino Médio, mas não completou a Faculdade";"Completou a 4.ª série/5.º ano, mas não completou a 8.ª série/9.º ano do Ensino Fundamental";"Entre 1 e 2 horas";"Entre 1 e 2 horas";"Não";"Somente continuar estudando"
2017;"Sul";"RS";4312302;"Interior";"Municipal";"Urbana";143,762122;192,280592;"Masculino";"Preta";"Janeiro";"1999";"Não tem";"Não completou a 4.ª série/5.º ano do Ensino Fundamental";"Não sei";"Menos de 1 hora";"Entre 1 e 2 horas";"Não";"Continuar estudando e trabalhar"
2017;"Nordeste";"AL";2708303;"Interior";"Municipal";"Urbana";205,873222;246,871691;"Masculino";"Preta";"Fevereiro";"2002";"Sim, dois";"Completou a Faculdade";"Não completou a 4.ª série/5.º ano do Ensino Fundametal";"Mais de 3 horas";"Não faço trabalhos domésticos";"Sim";"Somente trabalhar"
2017;"Nordeste";"CE";2305803;"Interior";"Municipal";"Urbana";155,472767;217,731723;"Masculino";"Não quero declarar";"Novembro";"2002";"Não tem";"Não sei";"Não sei";"Mais de 3 horas";"Não faço trabalhos domésticos";"Não";"Somente continuar estudando"
2017;"Nordeste";"RN";2407500;"Interior";"Municipal";"Rural";204,51506;214,602591;"Masculino";"Branca";"Janeiro";"2002";"Não tem";"Não sei";"Não sei";"Entre 1 e 2 horas";"Menos de 1 hora";"Sim";"Continuar estudando e trabalhar"
2017;"Sul";"SC";4205407;"Capital";"Municipal";"Urbana";205,734442;200,406107;"Masculino";"Parda";"Agosto";"2001";"Sim, um";"Não completou a 4.ª série/5.º ano do Ensino Fundamental";"Não completou a 4.ª série/5.º ano do Ensino Fundametal";"Mais de 3 horas";"Menos de 1 hora";"Sim";"Continuar estudando e trabalhar"
2017;"Sudeste";"SP";3550308;"Capital";"Estadual";"Urbana";281,972747;286,101733;"Masculino";"Não quero declarar";"Outubro";"2002";"Sim, um";"Completou a Faculdade";"Completou a Faculdade";"Entre 1 e 2 horas";"Entre 1 e 2 horas";"Não";"Continuar estudando e trabalhar"
2017;"Norte";"PA";1504752;"Interior";"Municipal";"Urbana";239,166747;222,025148;"Feminino";"Parda";"Dezembro";"2002";"Sim, um";"Completou a Faculdade";"Completou a Faculdade";"Entre 1 e 2 horas";"Mais de 2 horas, até 3 horas";"Não";"Continuar estudando e trabalhar"
2017;"Sul";"SC";4203808;"Interior";"Municipal";"Rural";207,450655;266,804069;"Feminino";"Branca";"Agosto";"2002";"Não tem";"Não completou a 4.ª série/5.º ano do Ensino Fundamental";"Completou a 4.ª série/5.º ano, mas não completou a 8.ª série/9.º ano do Ensino Fundamental";"Menos de 1 hora";"Menos de 1 hora";"Não";"Somente continuar estudando"
2017;"Centro-Oeste";"GO";5201108;"Interior";"Estadual";"Urbana";212,264217;228,148488;"Feminino";"Parda";"Dezembro";"2002";"Sim, dois";"Completou a 8.ª série/9.º ano do Ensino Fundamental, mas não completou o Ensino Médio";"Não sei";"Mais de 3 horas";"Menos de 1 hora";"Não";"Somente continuar estudando"
2017;"Sudeste";"MG";3170107;"Interior";"Estadual";"Urbana";160,482131;158,01105;"Feminino";"Preta";"Outubro";"2002";"Sim, um";"Completou a 8.ª série/9.º ano do Ensino Fundamental, mas não completou o Ensino Médio";"Completou o Ensino Médio, mas não completou a Faculdade";"Entre 1 e 2 horas";"Menos de 1 hora";"Não";"Continuar estudando e trabalhar"
2017;"Sudeste";"SP";3529302;"Interior";"Municipal";"Urbana";315,720628;299,335472;"Feminino";"Branca";"Junho";"2003";"Sim, um";"Completou a 8.ª série/9.º ano do Ensino Fundamental, mas não completou o Ensino Médio";"Completou o Ensino Médio, mas não completou a Faculdade";"Entre 1 e 2 horas";"Menos de 1 hora";"Não";"Somente continuar estudando"
2017;"Nordeste";"SE";2802106;"Interior";"Municipal";"Urbana";296,41393;222,180976;"Feminino";"Parda";"Dezembro";"2002";"Sim, um";"Completou a 4.ª série/5.º ano, mas não completou a 8.ª série/9.º ano do Ensino Fundamental";"Não sei";"Mais de 3 horas";"Entre 1 e 2 horas";"Não";"Ainda não sei"
2017;"Sudeste";"MG";3122306;"Interior";"Municipal";"Urbana";278,948563;222,655166;"Feminino";"Parda";"Maio";"2002";"Sim, um";"Completou a 4.ª série/5.º ano, mas não completou a 8.ª série/9.º ano do Ensino Fundamental";"Não sei";"Mais de 3 horas";"Entre 1 e 2 horas";"Não";"Ainda não sei"
2017;"Nordeste";"PB";2505238;"Interior";"Estadual";"Urbana";206,741493;198,612075;"Masculino";"Branca";"Agosto";"2003";"Não tem";"Não sei";"Não sei";"Não vejo TV, não navego na internet e não jogo jogos eletrônicos";"Não faço trabalhos domésticos";"Não";"Somente continuar estudando"
2017;"Norte";"PA";1505536;"Interior";"Municipal";"Urbana";236,228949;177,824265;"Feminino";"Preta";"Janeiro";"2003";"Não tem";"Não completou a 4.ª série/5.º ano do Ensino Fundamental";"Não sei";"Entre 1 e 2 horas";"Entre 1 e 2 horas";"Não";"Somente continuar estudando"
2017;"Nordeste";"MA";2101509;"Interior";"Municipal";"Rural";247,316543;206,631618;"Masculino";"Parda";"Abril";"2003";"Não tem";"Completou a 4.ª série/5.º ano, mas não completou a 8.ª série/9.º ano do Ensino Fundamental";"Não sei";"Menos de 1 hora";"Não faço trabalhos domésticos";"Sim";"Continuar estudando e trabalhar"
2017;"Norte";"AP";1600303;"Capital";"Estadual";"Urbana";257,182828;248,185775;"Masculino";"Parda";"Novembro";"2002";"Não tem";"Completou o Ensino Médio, mas não completou a Faculdade";"Completou o Ensino Médio, mas não completou a Faculdade";"Menos de 1 hora";"Mais de 2 horas, até 3 horas";"Não";"Continuar estudando e trabalhar"
2017;"Sudeste";"RJ";3304904;"Interior";"Estadual";"Urbana";138,567093;305,569031;"Masculino";"Branca";"Abril";"2003";"Sim, um";"Não completou a 4.ª série/5.º ano do Ensino Fundamental";"Não completou a 4.ª série/5.º ano do Ensino Fundametal";"Mais de 2 horas, até 3 horas";"Menos de 1 hora";"Não";"Continuar estudando e trabalhar"
2017;"Sudeste";"MG";3129806;"Interior";"Estadual";"Urbana";146,658655;225,666253;"Feminino";"Parda";"Dezembro";"2002";"Não tem";"Completou a Faculdade";"Não sei";"Menos de 1 hora";"Menos de 1 hora";"Não";"Continuar estudando e trabalhar"
2017;"Nordeste";"PE";2613008;"Interior";"Municipal";"Urbana";239,770846;245,493665;"Masculino";"Parda";"Janeiro";"2003";"Não tem";"Completou a 8.ª série/9.º ano do Ensino Fundamental, mas não completou o Ensino Médio";"Não completou a 4.ª série/5.º ano do Ensino Fundametal";"Mais de 3 horas";"Menos de 1 hora";"Não";"Continuar estudando e trabalhar"
2017;"Sul";"PR";4115101;"Interior";"Estadual";"Urbana";223,974256;260,440895;"Masculino";"Parda";"Agosto";"2002";"Sim, um";"Completou a 8.ª série/9.º ano do Ensino Fundamental, mas não completou o Ensino Médio";"Completou a 8.ª série/9.º ano do Ensino Fundamental, mas não completou o Ensino Médio";"Menos de 1 hora";"Entre 1 e 2 horas";"Não";"Somente continuar estudando"
2017;"Nordeste";"BA";2913606;"Interior";"Estadual";"Urbana";208,659073;259,198352;"Masculino";"Preta";"Junho";"2002";"Sim, um";"Completou o Ensino Médio, mas não completou a Faculdade";"Não completou a 4.ª série/5.º ano do Ensino Fundametal";"Menos de 1 hora";"Mais de 2 horas, até 3 horas";"Não";"Somente continuar estudando"
2017;"Sul";"RS";4321436;"Interior";"Estadual";"Urbana";320,127215;291,229631;"Feminino";"Preta";"Abril";"2002";"Sim, um";"Não sei";"Não sei";"Mais de 3 horas";"Entre 1 e 2 horas";"Não";"Continuar estudando e trabalhar"
2017;"Nordeste";"CE";2304400;"Capital";"Municipal";"Urbana";311,478163;274,42359;"Feminino";"Parda";"Dezembro";"2002";"Não tem";"Não completou a 4.ª série/5.º ano do Ensino Fundamental";"Não completou a 4.ª série/5.º ano do Ensino Fundametal";"Mais de 2 horas, até 3 horas";"Mais de 3 horas";"Não";"Somente continuar estudando"
2017;"Nordeste";"MA";2103604;"Interior";"Municipal";"Urbana";256,851166;204,891243;"Feminino";"Parda";"Julho";"2002";"Não tem";"Completou a 4.ª série/5.º ano, mas não completou a 8.ª série/9.º ano do Ensino Fundamental";"Completou a 4.ª série/5.º ano, mas não completou a 8.ª série/9.º ano do Ensino Fundamental";"Não vejo TV, não navego na internet e não jogo jogos eletrônicos";"Não faço trabalhos domésticos";"Não";"Somente continuar estudando"
2017;"Nordeste";"PE";2602902;"Interior";"Municipal";"Urbana";297,190471;329,100875;"Feminino";"Parda";"Outubro";"2002";"Não tem";"Completou a 8.ª série/9.º ano do Ensino Fundamental, mas não completou o Ensino Médio";"Completou a 4.ª série/5.º ano, mas não completou a 8.ª série/9.º ano do Ensino Fundamental";"Mais de 3 horas";"Mais de 3 horas";"Não";"Somente continuar estudando"
2017;"Sul";"SC";4215000;"Interior";"Municipal";"Urbana";235,413953;288,356486;"Masculino";"Branca";"Outubro";"2001";"Não tem";"Nunca estudou";"Não completou a 4.ª série/5.º ano do Ensino Fundametal";"Mais de 3 horas";"Entre 1 e 2 horas";"Não";"Continuar estudando e trabalhar"
2017;"Sul";"PR";4122156;"Interior";"Estadual";"Rural";181,922044;219,186376;"Masculino";"Parda";"Novembro";"2002";"Sim, um";"Não sei";"Não sei";"Mais de 3 horas";"Menos de 1 hora";"Não";"Somente trabalhar"
2017;"Sudeste";"RJ";3303302;"Interior";"Estadual";"Urbana";252,422596;246,323555;"Feminino";"Parda";"Agosto";"2000";"Sim, um";"Completou a 8.ª série/9.º ano do Ensino Fundamental, mas não completou o Ensino Médio";"Completou o Ensino Médio, mas não completou a Faculdade";"Mais de 2 horas, até 3 horas";"Entre 1 e 2 horas";"Não";"Continuar estudando e trabalhar"
2017;"Nordeste";"PE";2600054;"Interior";"Estadual";"Urbana";238,297429;203,268018;"Feminino";"Preta";"Dezembro";"2002";"Não tem";"Não sei";"Não sei";"Entre 1 e 2 horas";"Menos de 1 hora";"Não";"Continuar estudando e trabalhar"
2017;"Nordeste";"BA";2911907;"Interior";"Municipal";"Rural";256,867639;237,712391;"Masculino";"Não quero declarar";"Outubro";"2003";"Não tem";"Não sei";"Não sei";"Menos de 1 hora";"Menos de 1 hora";"Não";"Continuar estudando e trabalhar"
2017;"Nordeste";"CE";2310852;"Interior";"Municipal";"Urbana";288,863825;269,37165;"Feminino";"Amarela";"Maio";"2003";"Não tem";"Completou o Ensino Médio, mas não completou a Faculdade";"Não sei";"Entre 1 e 2 horas";"Não faço trabalhos domésticos";"Não";"Continuar estudando e trabalhar"
2017;"Norte";"RO";1100049;"Interior";"Municipal";"Rural";212,765897;266,594081;"Masculino";"Branca";"Fevereiro";"2003";"Sim, um";"Completou o Ensino Médio, mas não completou a Faculdade";"Completou a 4.ª série/5.º ano, mas não completou a 8.ª série/9.º ano do Ensino Fundamental";"Menos de 1 hora";"Entre 1 e 2 horas";"Não";"Somente continuar estudando"
2017;"Sudeste";"RJ";3304557;"Capital";"Municipal";"Urbana";320,387807;301,946202;"Feminino";"Preta";"Março";"2001";"Não tem";"Completou o Ensino Médio, mas não completou a Faculdade";"Não completou a 4.ª série/5.º ano do Ensino Fundametal";"Mais de 3 horas";"Não faço trabalhos domésticos";"Não";"Somente continuar estudando"
2017;"Nordeste";"PE";2609402;"Interior";"Municipal";"Urbana";168,591378;172,616218;"Feminino";"Parda";"Fevereiro";"2000";"Não tem";"Completou o Ensino Médio, mas não completou a Faculdade";"Completou a 4.ª série/5.º ano, mas não completou a 8.ª série/9.º ano do Ensino Fundamental";"Entre 1 e 2 horas";"Entre 1 e 2 horas";"Não";"Continuar estudando e trabalhar"
2017;"Sudeste";"MG";3145307;"Interior";"Estadual";"Rural";271,602414;291,870828;"Masculino";"Parda";"Julho";"2002";"Não tem";"Não sei";"Não sei";"Entre 1 e 2 horas";"Menos de 1 hora";"Não";"Continuar estudando e trabalhar"
2017;"Sul";"PR";4106902;"Capital";"Estadual";"Urbana";195,778024;245,928731;"Masculino";"Não quero declarar";"Maio";"2003";"Sim, dois";"Não sei";"Não sei";"Mais de 3 horas";"Entre 1 e 2 horas";"Não";"Continuar estudando e trabalhar"
2017;"Norte";"PA";1502103;"Interior";"Municipal";"Rural";255,01573;213,45691;"Masculino";"Branca";"Abril";"2002";"Não tem";"Não completou a 4.ª série/5.º ano do Ensino Fundamental";"Completou a 4.ª série/5.º ano, mas não completou a 8.ª série/9.º ano do Ensino Fundamental";"Menos de 1 hora";"Menos de 1 hora";"Não";"Ainda não sei"
2017;"Sudeste";"SP";3510609;"Interior";"Estadual";"Urbana";306,380319;300,80639;"Feminino";"Branca";"Fevereiro";"2003";"Sim, um";"Completou a 8.ª série/9.º ano do Ensino Fundamental, mas não completou o Ensino Médio";"Completou a Faculdade";"Mais de 3 horas";"Menos de 1 hora";"Não";"Continuar estudando e trabalhar"
2017;"Sudeste";"MG";3129004;"Interior";"Estadual";"Urbana";369,614993;374,254666;"Feminino";"Branca";"Julho";"2002";"Sim, dois";"Completou a Faculdade";"Completou a 8.ª série/9.º ano do Ensino Fundamental, mas não completou o Ensino Médio";"Mais de 2 horas, até 3 horas";"Entre 1 e 2 horas";"Não";"Somente continuar estudando"
2017;"Sudeste";"MG";3131158;"Interior";"Estadual";"Rural";282,966852;231,997848;"Feminino";"Parda";"Janeiro";"2003";"Não tem";"Não completou a 4.ª série/5.º ano do Ensino Fundamental";"Não sei";"Mais de 3 horas";"Entre 1 e 2 horas";"Sim";"Somente continuar estudando"
2017;"Norte";"AP";1600303;"Capital";"Estadual";"Urbana";272,746923;269,044177;"Masculino";"Parda";"Junho";"2002";"Sim, um";"Completou a Faculdade";"Completou a Faculdade";"Entre 1 e 2 horas";"Menos de 1 hora";"Sim";"Continuar estudando e trabalhar"
2017;"Sul";"PR";4127957;"Interior";"Estadual";"Urbana";325,11928;331,787451;"Masculino";"Branca";"Agosto";"2003";"Não tem";"Completou o Ensino Médio, mas não completou a Faculdade";"Completou o Ensino Médio, mas não completou a Faculdade";"Mais de 3 horas";"Entre 1 e 2 horas";"Não";"Continuar estudando e trabalhar"
2017;"Nordeste";"PE";2611101;"Interior";"Estadual";"Urbana";230,6973;173,737586;"Masculino";"Branca";"Agosto";"2002";"Não tem";"Não completou a 4.ª série/5.º ano do Ensino Fundamental";"Completou a 8.ª série/9.º ano do Ensino Fundamental, mas não completou o Ensino Médio";"Mais de 3 horas";"Menos de 1 hora";"Não";"Continuar estudando e trabalhar"
2017;"Sudeste";"RJ";3304557;"Capital";"Municipal";"Urbana";242,047414;238,734271;"Masculino";"Branca";"Abril";"2001";"Sim, dois";"Completou a 8.ª série/9.º ano do Ensino Fundamental, mas não completou o Ensino Médio";"Completou a 8.ª série/9.º ano do Ensino Fundamental, mas não completou o Ensino Médio";"Entre 1 e 2 horas";"Menos de 1 hora";"Não";"Continuar estudando e trabalhar"
2017;"Nordeste";"MA";2101400;"Interior";"Municipal";"Urbana";287,638549;303,996109;"Feminino";"Branca";"Junho";"2002";"Sim, dois";"Completou a 8.ª série/9.º ano do Ensino Fundamental, mas não completou o Ensino Médio";"Completou a 4.ª série/5.º ano, mas não completou a 8.ª série/9.º ano do Ensino Fundamental";"Mais de 3 horas";"Menos de 1 hora";"Não";"Somente continuar estudando"
2017;"Sul";"SC";4215000;"Interior";"Municipal";"Urbana";269,534098;345,91597;"Masculino";"Branca";"Agosto";"2002";"Sim, um";"Completou o Ensino Médio, mas não completou a Faculdade";"Completou a Faculdade";"Mais de 3 horas";"Entre 1 e 2 horas";"Não";"Somente continuar estudando"
2017;"Sudeste";"SP";3506003;"Interior";"Municipal";"Urbana";253,051652;232,783415;"Masculino";"Amarela";"Maio";"2002";"Sim, dois";"Completou o Ensino Médio, mas não completou a Faculdade";"Não sei";"Mais de 3 horas";"Não faço trabalhos domésticos";"Não";"Somente continuar estudando"
2017;"Sudeste";"RJ";3301009;"Interior";"Estadual";"Urbana";249,371691;188,594549;"Feminino";"Parda";"Dezembro";"2002";"Não tem";"Completou a 4.ª série/5.º ano, mas não completou a 8.ª série/9.º ano do Ensino Fundamental";"Não sei";"Entre 1 e 2 horas";"Entre 1 e 2 horas";"Não";"Continuar estudando e trabalhar"
2017;"Sul";"PR";4101408;"Interior";"Estadual";"Urbana";290,035606;314,256879;"Feminino";"Parda";"Outubro";"2003";"Sim, dois";"Completou o Ensino Médio, mas não completou a Faculdade";"Não sei";"Mais de 2 horas, até 3 horas";"Entre 1 e 2 horas";"Não";"Continuar estudando e trabalhar"
2017;"Centro-Oeste";"MT";5105259;"Interior";"Municipal";"Urbana";241,051711;217,409615;"Feminino";"Parda";"Março";"2003";"Sim, dois";"Completou a 8.ª série/9.º ano do Ensino Fundamental, mas não completou o Ensino Médio";"Completou a 8.ª série/9.º ano do Ensino Fundamental, mas não completou o Ensino Médio";"Entre 1 e 2 horas";"Mais de 2 horas, até 3 horas";"Não";"Continuar estudando e trabalhar"
2017;"Sudeste";"SP";3538006;"Interior";"Estadual";"Urbana";194,231774;222,245643;"Masculino";"Parda";"Maio";"2000";"Não tem";"Completou a 8.ª série/9.º ano do Ensino Fundamental, mas não completou o Ensino Médio";"Não completou a 4.ª série/5.º ano do Ensino Fundametal";"Menos de 1 hora";"Entre 1 e 2 horas";"Não";"Ainda não sei"
2017;"Sul";"PR";4113700;"Interior";"Estadual";"Urbana";301,794954;273,999256;"Feminino";"Parda";"Novembro";"2002";"Sim, um";"Completou a 8.ª série/9.º ano do Ensino Fundamental, mas não completou o Ensino Médio";"Completou o Ensino Médio, mas não completou a Faculdade";"Mais de 2 horas, até 3 horas";"Menos de 1 hora";"Não";"Somente continuar estudando"
2017;"Nordeste";"BA";2905404;"Interior";"Municipal";"Rural";243,324037;187,659079;"Feminino";"Branca";"Junho";"2002";"Sim, dois";"Não sei";"Completou o Ensino Médio, mas não completou a Faculdade";"Mais de 3 horas";"Não faço trabalhos domésticos";"Não";"Continuar estudando e trabalhar"
2017;"Sudeste";"SP";3500303;"Interior";"Estadual";"Urbana";272,625663;272,163975;"Masculino";"Parda";"Novembro";"2002";"Sim, dois";"Completou o Ensino Médio, mas não completou a Faculdade";"Completou a 4.ª série/5.º ano, mas não completou a 8.ª série/9.º ano do Ensino Fundamental";"Menos de 1 hora";"Menos de 1 hora";"Não";"Somente continuar estudando"
2017;"Norte";"AP";1600600;"Interior";"Estadual";"Urbana";233,245974;182,775599;"Masculino";"Não quero declarar";"Agosto";"2002";"Não tem";"Não sei";"Não sei";"Não vejo TV, não navego na internet e não jogo jogos eletrônicos";"Não faço trabalhos domésticos";"Não";"Continuar estudando e trabalhar"
2017;"Nordeste";"PE";2604106;"Interior";"Estadual";"Urbana";181,156852;202,878728;"Masculino";"Não quero declarar";"Julho";"2002";"Não tem";"Não sei";"Não sei";"Mais de 3 horas";"Mais de 3 horas";"Não";"Continuar estudando e trabalhar"
2017;"Sudeste";"SP";3522307;"Interior";"Estadual";"Rural";280,52864;292,15845;"Feminino";"Parda";"Junho";"2003";"Não tem";"Completou a Faculdade";"Não completou a 4.ª série/5.º ano do Ensino Fundametal";"Entre 1 e 2 horas";"Mais de 3 horas";"Não";"Continuar estudando e trabalhar"
2017;"Sudeste";"SP";3509007;"Interior";"Estadual";"Urbana";307,068766;241,322197;"Feminino";"Parda";"Março";"2003";"Sim, um";"Completou o Ensino Médio, mas não completou a Faculdade";"Completou a Faculdade";"Mais de 2 horas, até 3 horas";"Entre 1 e 2 horas";"Não";"Continuar estudando e trabalhar"
2017;"Sudeste";"SP";3503208;"Interior";"Estadual";"Urbana";255,432236;247,646694;"Masculino";"Parda";"Março";"2003";"Sim, um";"Completou a 8.ª série/9.º ano do Ensino Fundamental, mas não completou o Ensino Médio";"Completou o Ensino Médio, mas não completou a Faculdade";"Mais de 3 horas";"Mais de 2 horas, até 3 horas";"Não";"Continuar estudando e trabalhar"
2017;"Nordeste";"PB";2500304;"Interior";"Estadual";"Urbana";237,0797;222,422374;"Feminino";"Preta";"Julho";"2002";"Não tem";"Completou a 4.ª série/5.º ano, mas não completou a 8.ª série/9.º ano do Ensino Fundamental";"Não sei";"Não vejo TV, não navego na internet e não jogo jogos eletrônicos";"Menos de 1 hora";"Não";"Continuar estudando e trabalhar"
2017;"Nordeste";"BA";6307674;"Interior";"Estadual";"Urbana";310,554303;278,231199;"Feminino";"Preta";"Outubro";"2002";"Sim, um";"Completou o Ensino Médio, mas não completou a Faculdade";"Completou a Faculdade";"Mais de 3 horas";"Entre 1 e 2 horas";"Não";"Continuar estudando e trabalhar"
2017;"Sul";"PR";4107652;"Interior";"Estadual";"Urbana";257,881742;223,738751;"Feminino";"Parda";"Julho";"2001";"Não tem";"Completou o Ensino Médio, mas não completou a Faculdade";"Completou a 8.ª série/9.º ano do Ensino Fundamental, mas não completou o Ensino Médio";"Mais de 2 horas, até 3 horas";"Mais de 3 horas";"Sim";"Continuar estudando e trabalhar"
2017;"Norte";"PA";1508084;"Interior";"Municipal";"Rural";267,660704;256,344937;"Masculino";"Parda";"Fevereiro";"2002";"Não tem";"Não completou a 4.ª série/5.º ano do Ensino Fundamental";"Não sei";"Entre 1 e 2 horas";"Não faço trabalhos domésticos";"Sim";"Continuar estudando e trabalhar"
2017;"Sul";"SC";4209102;"Interior";"Municipal";"Urbana";291,81099;254,779114;"Feminino";"Parda";"Julho";"2002";"Sim, dois";"Completou o Ensino Médio, mas não completou a Faculdade";"Não sei";"Mais de 3 horas";"Entre 1 e 2 horas";"Não";"Continuar estudando e trabalhar"
2017;"Sudeste";"SP";3550308;"Capital";"Estadual";"Urbana";348,806341;272,26855;"Feminino";"Branca";"Janeiro";"2003";"Sim, um";"Não completou a 4.ª série/5.º ano do Ensino Fundamental";"Nunca estudou";"Entre 1 e 2 horas";"Menos de 1 hora";"Não";"Somente continuar estudando"
2017;"Nordeste";"CE";2306900;"Interior";"Municipal";"Urbana";235,443648;174,358661;"Masculino";"Branca";"Junho";"2001";"Não tem";"Não completou a 4.ª série/5.º ano do Ensino Fundamental";"Nunca estudou";"Mais de 2 horas, até 3 horas";"Não faço trabalhos domésticos";"Não";"Continuar estudando e trabalhar"
2017;"Nordeste";"BA";2930105;"Interior";"Municipal";"Rural";217,174138;209,545509;"Feminino";"Indígena";"Maio";"2002";"Não tem";"Não completou a 4.ª série/5.º ano do Ensino Fundamental";"Não completou a 4.ª série/5.º ano do Ensino Fundametal";"Mais de 2 horas, até 3 horas";"Mais de 2 horas, até 3 horas";"Não";"Continuar estudando e trabalhar"
2017;"Sudeste";"MG";3148301;"Interior";"Estadual";"Urbana";307,424283;332,220952;"Feminino";"Parda";"Fevereiro";"2003";"Não tem";"Completou o Ensino Médio, mas não completou a Faculdade";"Completou o Ensino Médio, mas não completou a Faculdade";"Mais de 3 horas";"Entre 1 e 2 horas";"Não";"Continuar estudando e trabalhar"
2017;"Norte";"TO";1721000;"Capital";"Municipal";"Urbana";188,075256;242,696925;"Masculino";"Branca";"Julho";"2002";"Não tem";"Não sei";"Não sei";"Menos de 1 hora";"Mais de 3 horas";"Sim";"Ainda não sei"
2017;"Nordeste";"MA";2110203;"Interior";"Municipal";"Urbana";256,551678;223,958016;"Feminino";"Parda";"Março";"2003";"Não tem";"Não completou a 4.ª série/5.º ano do Ensino Fundamental";"Completou a 8.ª série/9.º ano do Ensino Fundamental, mas não completou o Ensino Médio";"Entre 1 e 2 horas";"Menos de 1 hora";"Não";"Continuar estudando e trabalhar"
2017;"Sudeste";"RJ";3306008;"Interior";"Estadual";"Urbana";293,613424;233,831787;"Feminino";"Parda";"Março";"2003";"Sim, um";"Completou a Faculdade";"Completou a 8.ª série/9.º ano do Ensino Fundamental, mas não completou o Ensino Médio";"Mais de 3 horas";"Entre 1 e 2 horas";"Sim";"Continuar estudando e trabalhar"
2017;"Sudeste";"SP";3550605;"Interior";"Municipal";"Urbana";271,19026;219,898501;"Feminino";"Parda";"Abril";"2003";"Não tem";"Não sei";"Não sei";"Menos de 1 hora";"Entre 1 e 2 horas";"Não";"Continuar estudando e trabalhar"
2017;"Nordeste";"CE";2304400;"Capital";"Estadual";"Urbana";237,930727;253,830677;"Masculino";"Preta";"Agosto";"2003";"Sim, um";"Não sei";"Não sei";"Entre 1 e 2 horas";"Mais de 3 horas";"Não";"Ainda não sei"
2017;"Sudeste";"SP";3507308;"Interior";"Estadual";"Urbana";255,029889;191,287553;"Feminino";"Parda";"Novembro";"2002";"Não tem";"Não sei";"Não sei";"Mais de 3 horas";"Menos de 1 hora";"Não";"Continuar estudando e trabalhar"
2017;"Norte";"RR";1400100;"Capital";"Estadual";"Urbana";271,820804;166,095819;"Masculino";"Parda";"Setembro";"2002";"Não tem";"Completou a Faculdade";"Completou a 4.ª série/5.º ano, mas não completou a 8.ª série/9.º ano do Ensino Fundamental";"Entre 1 e 2 horas";"Menos de 1 hora";"Não";"Continuar estudando e trabalhar"
2017;"Sudeste";"SP";3553005;"Interior";"Estadual";"Urbana";214,725623;274,846192;"Masculino";"Parda";"Novembro";"2002";"Não tem";"Completou a 4.ª série/5.º ano, mas não completou a 8.ª série/9.º ano do Ensino Fundamental";"Completou a 4.ª série/5.º ano, mas não completou a 8.ª série/9.º ano do Ensino Fundamental";"Menos de 1 hora";"Menos de 1 hora";"Não";"Continuar estudando e trabalhar"
2017;"Nordeste";"MA";2110005;"Interior";"Municipal";"Urbana";282,860467;259,727429;"Feminino";"Parda";"Março";"2003";"Sim, dois";"Completou a Faculdade";"Completou a Faculdade";"Mais de 3 horas";"Entre 1 e 2 horas";"Não";"Somente continuar estudando"
2017;"Sul";"PR";4125506;"Interior";"Estadual";"Urbana";266,945482;263,401959;"Feminino";"Branca";"Junho";"2003";"Sim, dois";"Completou a Faculdade";"Completou o Ensino Médio, mas não completou a Faculdade";"Entre 1 e 2 horas";"Entre 1 e 2 horas";"Não";"Somente continuar estudando"
2017;"Sudeste";"MG";3151206;"Interior";"Estadual";"Urbana";246,010775;276,53878;"Feminino";"Parda";"Dezembro";"2002";"Sim, um";"Completou o Ensino Médio, mas não completou a Faculdade";"Completou a Faculdade";"Menos de 1 hora";"Entre 1 e 2 horas";"Não";"Continuar estudando e trabalhar"
2017;"Sudeste";"MG";3163508;"Interior";"Municipal";"Rural";320,436179;282,206038;"Feminino";"Branca";"Janeiro";"2003";"Não tem";"Completou a 4.ª série/5.º ano, mas não completou a 8.ª série/9.º ano do Ensino Fundamental";"Não sei";"Menos de 1 hora";"Menos de 1 hora";"Não";"Somente continuar estudando"
2017;"Nordeste";"BA";2905701;"Interior";"Municipal";"Urbana";219,16692;224,735981;"Feminino";"Parda";"Dezembro";"2001";"Não tem";"Nunca estudou";"Não completou a 4.ª série/5.º ano do Ensino Fundametal";"Menos de 1 hora";"Entre 1 e 2 horas";"Não";"Continuar estudando e trabalhar"
2017;"Nordeste";"PE";2611606;"Capital";"Estadual";"Urbana";265,937438;258,351416;"Masculino";"Parda";"Setembro";"2002";"Não tem";"Não completou a 4.ª série/5.º ano do Ensino Fundamental";"Não sei";"Mais de 3 horas";"Entre 1 e 2 horas";"Não";"Continuar estudando e trabalhar"
2017;"Sul";"RS";4304606;"Interior";"Municipal";"Urbana";248,3415;270,405435;"Masculino";"Branca";"Março";"2002";"Sim, um";"Completou a 8.ª série/9.º ano do Ensino Fundamental, mas não completou o Ensino Médio";"Completou a 4.ª série/5.º ano, mas não completou a 8.ª série/9.º ano do Ensino Fundamental";"Mais de 3 horas";"Entre 1 e 2 horas";"Não";"Continuar estudando e trabalhar"
2017;"Sul";"PR";4103701;"Interior";"Estadual";"Urbana";237,791066;206,055256;"Feminino";"Parda";"Abril";"2000";"Não tem";"Completou a 8.ª série/9.º ano do Ensino Fundamental, mas não completou o Ensino Médio";"Não sei";"Mais de 3 horas";"Menos de 1 hora";"Não";"Continuar estudando e trabalhar"
2017;"Nordeste";"BA";2907202;"Interior";"Municipal";"Urbana";236,200906;263,249261;"Masculino";"Branca";"Abril";"2003";"Sim, um";"Completou a Faculdade";"Não completou a 4.ª série/5.º ano do Ensino Fundametal";"Menos de 1 hora";"Menos de 1 hora";"Não";"Continuar estudando e trabalhar"
2017;"Sul";"PR";4125506;"Interior";"Estadual";"Urbana";355,835042;318,132173;"Feminino";"Branca";"Junho";"2002";"Sim, um";"Completou a 8.ª série/9.º ano do Ensino Fundamental, mas não completou o Ensino Médio";"Completou a 8.ª série/9.º ano do Ensino Fundamental, mas não completou o Ensino Médio";"Mais de 3 horas";"Mais de 2 horas, até 3 horas";"Não";"Somente continuar estudando"
2017;"Sul";"SC";4218608;"Interior";"Municipal";"Rural";286,32033;318,375808;"Masculino";"Preta";"Julho";"2002";"Não tem";"Completou a 8.ª série/9.º ano do Ensino Fundamental, mas não completou o Ensino Médio";"Completou a 4.ª série/5.º ano, mas não completou a 8.ª série/9.º ano do Ensino Fundamental";"Mais de 3 horas";"Entre 1 e 2 horas";"Sim";"Continuar estudando e trabalhar"
2017;"Norte";"AM";1302603;"Capital";"Estadual";"Urbana";190,630045;240,33363;"Feminino";"Não quero declarar";"Novembro";"2002";"Sim, um";"Completou o Ensino Médio, mas não completou a Faculdade";"Não sei";"Mais de 3 horas";"Menos de 1 hora";"Não";"Ainda não sei"
2017;"Sudeste";"SP";3530508;"Interior";"Estadual";"Urbana";332,119663;223,243321;"Feminino";"Branca";"Fevereiro";"2003";"Não tem";"Completou o Ensino Médio, mas não completou a Faculdade";"Completou o Ensino Médio, mas não completou a Faculdade";"Mais de 3 horas";"Menos de 1 hora";"Não";"Continuar estudando e trabalhar"
2017;"Norte";"PA";1504208;"Interior";"Municipal";"Urbana";226,843078;256,192072;"Feminino";"Parda";"Maio";"2002";"Não tem";"Completou o Ensino Médio, mas não completou a Faculdade";"Completou o Ensino Médio, mas não completou a Faculdade";"Menos de 1 hora";"Mais de 3 horas";"Sim";"Continuar estudando e trabalhar"
2017;"Sudeste";"SP";3545100;"Interior";"Estadual";"Urbana";285,4114;278,275019;"Feminino";"Branca";"Março";"2003";"Sim, um";"Completou o Ensino Médio, mas não completou a Faculdade";"Completou o Ensino Médio, mas não completou a Faculdade";"Mais de 3 horas";"Entre 1 e 2 horas";"Não";"Continuar estudando e trabalhar"
2017;"Sul";"SC";4207502;"Interior";"Municipal";"Urbana";234,24399;249,166518;"Feminino";"Branca";"Janeiro";"2003";"Não tem";"Completou a 4.ª série/5.º ano, mas não completou a 8.ª série/9.º ano do Ensino Fundamental";"Completou o Ensino Médio, mas não completou a Faculdade";"Mais de 3 horas";"Mais de 2 horas, até 3 horas";"Não";"Continuar estudando e trabalhar"
2017;"Norte";"PA";1505601;"Interior";"Municipal";"Rural";248,15253;292,610283;"Feminino";"Parda";"Abril";"2001";"Não tem";"Não completou a 4.ª série/5.º ano do Ensino Fundamental";"Nunca estudou";"Não vejo TV, não navego na internet e não jogo jogos eletrônicos";"Entre 1 e 2 horas";"Não";"Continuar estudando e trabalhar"
2017;"Nordeste";"MA";2111409;"Interior";"Municipal";"Rural";171,303955;212,188936;"Feminino";"Parda";"Novembro";"2002";"Não tem";"Não completou a 4.ª série/5.º ano do Ensino Fundamental";"Não completou a 4.ª série/5.º ano do Ensino Fundametal";"Mais de 2 horas, até 3 horas";"Menos de 1 hora";"Não";"Continuar estudando e trabalhar"
2017;"Centro-Oeste";"MT";5107958;"Interior";"Estadual";"Urbana";275,934019;256,078946;"Masculino";"Preta";"Janeiro";"2003";"Não tem";"Completou o Ensino Médio, mas não completou a Faculdade";"Não completou a 4.ª série/5.º ano do Ensino Fundametal";"Mais de 2 horas, até 3 horas";"Menos de 1 hora";"Não";"Continuar estudando e trabalhar"
2017;"Nordeste";"BA";2907202;"Interior";"Municipal";"Rural";149,342418;146,090893;"Feminino";"Parda";"Agosto";"1998 ou antes";"Não tem";"Não completou a 4.ª série/5.º ano do Ensino Fundamental";"Nunca estudou";"Não vejo TV, não navego na internet e não jogo jogos eletrônicos";"Não faço trabalhos domésticos";"Não";"Ainda não sei"
2017;"Norte";"PA";1506195;"Interior";"Municipal";"Urbana";277,142327;211,033139;"Feminino";"Parda";"Agosto";"2002";"Não tem";"Não sei";"Não sei";"Entre 1 e 2 horas";"Menos de 1 hora";"Não";"Ainda não sei"
2017;"Nordeste";"BA";2927408;"Capital";"Municipal";"Urbana";268,815571;186,55079;"Feminino";"Parda";"Fevereiro";"2001";"Sim, um";"Completou a 8.ª série/9.º ano do Ensino Fundamental, mas não completou o Ensino Médio";"Completou a 8.ª série/9.º ano do Ensino Fundamental, mas não completou o Ensino Médio";"Mais de 3 horas";"Entre 1 e 2 horas";"Não";"Continuar estudando e trabalhar"
2017;"Sudeste";"SP";3545803;"Interior";"Estadual";"Urbana";236,892879;240,682063;"Masculino";"Branca";"Fevereiro";"2003";"Sim, um";"Completou a Faculdade";"Não sei";"Entre 1 e 2 horas";"Menos de 1 hora";"Não";"Continuar estudando e trabalhar"
2017;"Sudeste";"SP";3528403;"Interior";"Municipal";"Urbana";208,671855;188,184188;"Masculino";"Parda";"Setembro";"1999";"Sim, um";"Completou a 8.ª série/9.º ano do Ensino Fundamental, mas não completou o Ensino Médio";"Completou o Ensino Médio, mas não completou a Faculdade";"Não vejo TV, não navego na internet e não jogo jogos eletrônicos";"Menos de 1 hora";"Sim";"Somente trabalhar"
2017;"Nordeste";"MA";2101202;"Interior";"Municipal";"Urbana";270,311135;228,779624;"Feminino";"Parda";"Abril";"2003";"Não tem";"Não sei";"Não sei";"Mais de 2 horas, até 3 horas";"Menos de 1 hora";"Não";"Continuar estudando e trabalhar"
2017;"Sudeste";"SP";3552205;"Interior";"Estadual";"Urbana";250,770842;264,581734;"Masculino";"Branca";"Dezembro";"2002";"Sim, um";"Completou a 8.ª série/9.º ano do Ensino Fundamental, mas não completou o Ensino Médio";"Completou a 4.ª série/5.º ano, mas não completou a 8.ª série/9.º ano do Ensino Fundamental";"Mais de 3 horas";"Entre 1 e 2 horas";"Não";"Continuar estudando e trabalhar"
2017;"Sudeste";"SP";3507506;"Interior";"Municipal";"Urbana";260,8959;231,357937;"Feminino";"Amarela";"Abril";"2003";"Sim, três";"Completou o Ensino Médio, mas não completou a Faculdade";"Completou a Faculdade";"Mais de 3 horas";"Entre 1 e 2 horas";"Não";"Continuar estudando e trabalhar"
2017;"Nordeste";"CE";2312205;"Interior";"Municipal";"Urbana";247,573333;199,705385;"Feminino";"Branca";"Março";"2002";"Não tem";"Completou a 4.ª série/5.º ano, mas não completou a 8.ª série/9.º ano do Ensino Fundamental";"Não sei";"Mais de 2 horas, até 3 horas";"Entre 1 e 2 horas";"Não";"Continuar estudando e trabalhar"
2017;"Nordeste";"PE";2614006;"Interior";"Municipal";"Urbana";248,755912;223,908719;"Masculino";"Parda";"Agosto";"2002";"Sim, um";"Completou a 8.ª série/9.º ano do Ensino Fundamental, mas não completou o Ensino Médio";"Completou a 8.ª série/9.º ano do Ensino Fundamental, mas não completou o Ensino Médio";"Mais de 3 horas";"Mais de 2 horas, até 3 horas";"Não";"Somente continuar estudando"
2017;"Norte";"AM";1304203;"Interior";"Municipal";"Urbana";266,083601;275,037176;"Feminino";"Parda";"Julho";"2002";"Não tem";"Completou o Ensino Médio, mas não completou a Faculdade";"Completou o Ensino Médio, mas não completou a Faculdade";"Mais de 3 horas";"Não faço trabalhos domésticos";"Não";"Somente continuar estudando"
2017;"Norte";"PA";1505502;"Interior";"Municipal";"Urbana";261,608863;230,829195;"Feminino";"Parda";"Abril";"2002";"Não tem";"Completou o Ensino Médio, mas não completou a Faculdade";"Não sei";"Mais de 3 horas";"Entre 1 e 2 horas";"Não";"Continuar estudando e trabalhar"
2017;"Nordeste";"BA";2930808;"Interior";"Municipal";"Rural";315,021438;262,281876;"Feminino";"Branca";"Fevereiro";"2003";"Não tem";"Completou o Ensino Médio, mas não completou a Faculdade";"Completou o Ensino Médio, mas não completou a Faculdade";"Mais de 3 horas";"Mais de 3 horas";"Não";"Continuar estudando e trabalhar"
2017;"Centro-Oeste";"MS";5002704;"Capital";"Municipal";"Urbana";280,995005;280,771953;"Masculino";"Preta";"Novembro";"2002";"Sim, um";"Completou a 8.ª série/9.º ano do Ensino Fundamental, mas não completou o Ensino Médio";"Completou a 8.ª série/9.º ano do Ensino Fundamental, mas não completou o Ensino Médio";"Mais de 3 horas";"Entre 1 e 2 horas";"Sim";"Continuar estudando e trabalhar"
2017;"Norte";"PA";1503457;"Interior";"Municipal";"Urbana";224,575986;213,249717;"Feminino";"Parda";"Setembro";"2001";"Não tem";"Completou a 4.ª série/5.º ano, mas não completou a 8.ª série/9.º ano do Ensino Fundamental";"Não completou a 4.ª série/5.º ano do Ensino Fundametal";"Menos de 1 hora";"Entre 1 e 2 horas";"Não";"Continuar estudando e trabalhar"
2017;"Nordeste";"CE";2301851;"Interior";"Municipal";"Urbana";222,312145;263,556948;"Feminino";"Parda";"Março";"2003";"Não tem";"Não sei";"Não sei";"Entre 1 e 2 horas";"Entre 1 e 2 horas";"Não";"Somente continuar estudando"
2017;"Nordeste";"CE";2304004;"Interior";"Municipal";"Urbana";162,055487;192,130857;"Masculino";"Parda";"Agosto";"2002";"Não tem";"Não completou a 4.ª série/5.º ano do Ensino Fundamental";"Não completou a 4.ª série/5.º ano do Ensino Fundametal";"Menos de 1 hora";"Menos de 1 hora";"Não";"Continuar estudando e trabalhar"
2017;"Sudeste";"SP";3551009;"Interior";"Estadual";"Urbana";227,051221;258,761889;"Masculino";"Preta";"Outubro";"2001";"Sim, um";"Completou a 4.ª série/5.º ano, mas não completou a 8.ª série/9.º ano do Ensino Fundamental";"Completou a 4.ª série/5.º ano, mas não completou a 8.ª série/9.º ano do Ensino Fundamental";"Mais de 3 horas";"Entre 1 e 2 horas";"Não";"Continuar estudando e trabalhar"
2017;"Sudeste";"SP";3526001;"Interior";"Estadual";"Urbana";327,119169;312,252356;"Feminino";"Branca";"Março";"2003";"Sim, três";"Completou o Ensino Médio, mas não completou a Faculdade";"Completou o Ensino Médio, mas não completou a Faculdade";"Entre 1 e 2 horas";"Menos de 1 hora";"Não";"Somente continuar estudando"
2017;"Nordeste";"BA";2910800;"Interior";"Estadual";"Rural";229,274018;240,319042;"Masculino";"Não quero declarar";"Janeiro";"2002";"Não tem";"Não completou a 4.ª série/5.º ano do Ensino Fundamental";"Não completou a 4.ª série/5.º ano do Ensino Fundametal";"Menos de 1 hora";"Menos de 1 hora";"Sim";"Continuar estudando e trabalhar"
2017;"Nordeste";"MA";2112308;"Interior";"Municipal";"Urbana";176,879403;146,034218;"Feminino";"Preta";"Março";"2003";"Não tem";"Não sei";"Não sei";"Menos de 1 hora";"Entre 1 e 2 horas";"Não";"Somente continuar estudando"
2017;"Sudeste";"SP";3551009;"Interior";"Estadual";"Urbana";315,241756;355,349365;"Feminino";"Branca";"Setembro";"2002";"Não tem";"Não sei";"Não sei";"Mais de 3 horas";"Entre 1 e 2 horas";"Não";"Continuar estudando e trabalhar"
2017;"Sul";"SC";4209607;"Interior";"Municipal";"Urbana";224,430264;291,815438;"Masculino";"Branca";"Setembro";"2002";"Sim, um";"Não sei";"Não sei";"Mais de 2 horas, até 3 horas";"Não faço trabalhos domésticos";"Sim";"Continuar estudando e trabalhar"
2017;"Nordeste";"CE";2304400;"Capital";"Municipal";"Urbana";259,137761;278,043513;"Masculino";"Branca";"Dezembro";"2000";"Sim, dois";"Completou o Ensino Médio, mas não completou a Faculdade";"Não sei";"Mais de 3 horas";"Não faço trabalhos domésticos";"Não";"Continuar estudando e trabalhar"
2017;"Norte";"AM";1302603;"Capital";"Estadual";"Urbana";289,639044;285,945123;"Feminino";"Parda";"Abril";"2004";"Sim, dois";"Não completou a 4.ª série/5.º ano do Ensino Fundamental";"Completou o Ensino Médio, mas não completou a Faculdade";"Entre 1 e 2 horas";"Menos de 1 hora";"Não";"Somente continuar estudando"
2017;"Sul";"SC";4204301;"Interior";"Municipal";"Urbana";239,595318;237,559302;"Feminino";"Preta";"Agosto";"2002";"Sim, um";"Não sei";"Não sei";"Mais de 3 horas";"Entre 1 e 2 horas";"Não";"Continuar estudando e trabalhar"
2017;"Sudeste";"SP";3506706;"Interior";"Municipal";"Urbana";333,33965;374,100068;"Masculino";"Branca";"Agosto";"2002";"Sim, um";"Completou a 4.ª série/5.º ano, mas não completou a 8.ª série/9.º ano do Ensino Fundamental";"Completou o Ensino Médio, mas não completou a Faculdade";"Mais de 3 horas";"Menos de 1 hora";"Não";"Somente continuar estudando"
2017;"Nordeste";"PE";2613602;"Interior";"Municipal";"Rural";255,728969;179,115713;"Feminino";"Parda";"Agosto";"2002";"Sim, um";"Completou a Faculdade";"Completou a Faculdade";"Menos de 1 hora";"Menos de 1 hora";"Não";"Somente continuar estudando"
2017;"Sul";"PR";4103479;"Interior";"Estadual";"Urbana";205,190174;171,879837;"Masculino";"Parda";"Março";"2003";"Não tem";"Não completou a 4.ª série/5.º ano do Ensino Fundamental";"Não completou a 4.ª série/5.º ano do Ensino Fundametal";"Entre 1 e 2 horas";"Não faço trabalhos domésticos";"Sim";"Continuar estudando e trabalhar"
2017;"Sudeste";"MG";3118601;"Interior";"Estadual";"Urbana";231,624411;251,323515;"Feminino";"Parda";"Dezembro";"2002";"Não tem";"Não completou a 4.ª série/5.º ano do Ensino Fundamental";"Não completou a 4.ª série/5.º ano do Ensino Fundametal";"Não vejo TV, não navego na internet e não jogo jogos eletrônicos";"Mais de 2 horas, até 3 horas";"Não";"Continuar estudando e trabalhar"
2017;"Nordeste";"BA";2901403;"Interior";"Municipal";"Urbana";176,565702;171,838141;"Feminino";"Amarela";"Abril";"2001";"Não tem";"Não sei";"Não sei";"Menos de 1 hora";"Menos de 1 hora";"Não";"Ainda não sei"
2017;"Nordeste";"BA";2919207;"Interior";"Municipal";"Urbana";172,673741;206,661017;"Masculino";"Parda";"Abril";"2002";"Não tem";"Não sei";"Não sei";"Menos de 1 hora";"Entre 1 e 2 horas";"Não";"Continuar estudando e trabalhar"
2017;"Sudeste";"RJ";3301702;"Interior";"Estadual";"Urbana";212,064669;204,800977;"Masculino";"Amarela";"Março";"2001";"Sim, três";"Completou o Ensino Médio, mas não completou a Faculdade";"Não completou a 4.ª série/5.º ano do Ensino Fundametal";"Mais de 3 horas";"Menos de 1 hora";"Não";"Continuar estudando e trabalhar"
2017;"Nordeste";"CE";2307650;"Interior";"Municipal";"Urbana";290,18243;302,337672;"Feminino";"Preta";"Junho";"2003";"Sim, um";"Não completou a 4.ª série/5.º ano do Ensino Fundamental";"Completou a 8.ª série/9.º ano do Ensino Fundamental, mas não completou o Ensino Médio";"Mais de 3 horas";"Mais de 2 horas, até 3 horas";"Não";"Somente continuar estudando"
2017;"Centro-Oeste";"MT";5103403;"Capital";"Estadual";"Urbana";184,182414;212,650216;"Feminino";"Parda";"Março";"2002";"Sim, um";"Completou a 8.ª série/9.º ano do Ensino Fundamental, mas não completou o Ensino Médio";"Não completou a 4.ª série/5.º ano do Ensino Fundametal";"Mais de 3 horas";"Menos de 1 hora";"Não";"Continuar estudando e trabalhar"
2017;"Sudeste";"RJ";3304557;"Capital";"Municipal";"Urbana";258,915789;239,572991;"Feminino";"Branca";"Junho";"2002";"Sim, um";"Completou a 8.ª série/9.º ano do Ensino Fundamental, mas não completou o Ensino Médio";"Completou o Ensino Médio, mas não completou a Faculdade";"Mais de 3 horas";"Menos de 1 hora";"Não";"Continuar estudando e trabalhar"
2017;"Sudeste";"MG";3118007;"Interior";"Municipal";"Urbana";286,419112;331,218971;"Feminino";"Branca";"Abril";"2003";"Sim, um";"Completou a Faculdade";"Completou a 4.ª série/5.º ano, mas não completou a 8.ª série/9.º ano do Ensino Fundamental";"Mais de 3 horas";"Menos de 1 hora";"Não";"Somente continuar estudando"
2017;"Sudeste";"ES";3204708;"Interior";"Municipal";"Urbana";222,282945;218,141358;"Feminino";"Parda";"Setembro";"2002";"Sim, um";"Não sei";"Não sei";"Mais de 3 horas";"Entre 1 e 2 horas";"Não";"Continuar estudando e trabalhar"
2017;"Nordeste";"PE";2607802;"Interior";"Estadual";"Urbana";262,258249;264,810222;"Feminino";"Amarela";"Dezembro";"2003";"Sim, dois";"Completou a Faculdade";"Não sei";"Mais de 3 horas";"Não faço trabalhos domésticos";"Não";"Somente continuar estudando"
2017;"Sudeste";"SP";3530706;"Interior";"Estadual";"Urbana";223,894316;169,641572;"Feminino";"Parda";"Novembro";"2000";"Não tem";"Completou a 8.ª série/9.º ano do Ensino Fundamental, mas não completou o Ensino Médio";"Não completou a 4.ª série/5.º ano do Ensino Fundametal";"Entre 1 e 2 horas";"Entre 1 e 2 horas";"Não";"Continuar estudando e trabalhar"
2017;"Sul";"SC";4204608;"Interior";"Municipal";"Urbana";264,085751;328,81806;"Masculino";"Branca";"Março";"2003";"Sim, dois";"Completou o Ensino Médio, mas não completou a Faculdade";"Completou a 8.ª série/9.º ano do Ensino Fundamental, mas não completou o Ensino Médio";"Mais de 3 horas";"Entre 1 e 2 horas";"Não";"Somente trabalhar"
2017;"Sudeste";"RJ";3304524;"Interior";"Municipal";"Urbana";343,434077;332,119228;"Masculino";"Não quero declarar";"Julho";"2002";"Sim, um";"Não completou a 4.ª série/5.º ano do Ensino Fundamental";"Não sei";"Mais de 3 horas";"Menos de 1 hora";"Não";"Continuar estudando e trabalhar"
2017;"Sudeste";"MG";3167202;"Interior";"Estadual";"Urbana";291,979134;168,802126;"Masculino";"Branca";"Setembro";"2002";"Sim, um";"Não sei";"Não completou a 4.ª série/5.º ano do Ensino Fundametal";"Mais de 3 horas";"Menos de 1 hora";"Não";"Continuar estudando e trabalhar"
2017;"Nordeste";"BA";2910800;"Interior";"Estadual";"Urbana";298,065133;290,915963;"Feminino";"Parda";"Março";"2003";"Sim, um";"Completou o Ensino Médio, mas não completou a Faculdade";"Completou o Ensino Médio, mas não completou a Faculdade";"Mais de 3 horas";"Não faço trabalhos domésticos";"Não";"Continuar estudando e trabalhar"
2017;"Sudeste";"SP";3501608;"Interior";"Estadual";"Urbana";351,072331;313,12232;"Feminino";"Parda";"Abril";"2003";"Sim, um";"Completou o Ensino Médio, mas não completou a Faculdade";"Completou o Ensino Médio, mas não completou a Faculdade";"Mais de 2 horas, até 3 horas";"Entre 1 e 2 horas";"Não";"Continuar estudando e trabalhar"
2017;"Nordeste";"BA";2905701;"Interior";"Municipal";"Urbana";271,068008;251,854995;"Masculino";"Indígena";"Novembro";"2001";"Sim, um";"Completou o Ensino Médio, mas não completou a Faculdade";"Não sei";"Entre 1 e 2 horas";"Menos de 1 hora";"Não";"Continuar estudando e trabalhar"
2017;"Nordeste";"CE";2306306;"Interior";"Municipal";"Urbana";285,424897;263,789125;"Feminino";"Parda";"Maio";"2003";"Não tem";"Completou o Ensino Médio, mas não completou a Faculdade";"Completou a 4.ª série/5.º ano, mas não completou a 8.ª série/9.º ano do Ensino Fundamental";"Não vejo TV, não navego na internet e não jogo jogos eletrônicos";"Mais de 3 horas";"Não";"Continuar estudando e trabalhar"
2017;"Sudeste";"SP";3530706;"Interior";"Estadual";"Urbana";286,782949;252,953335;"Feminino";"Parda";"Julho";"2002";"Não tem";"Não completou a 4.ª série/5.º ano do Ensino Fundamental";"Completou a 8.ª série/9.º ano do Ensino Fundamental, mas não completou o Ensino Médio";"Mais de 2 horas, até 3 horas";"Entre 1 e 2 horas";"Não";"Continuar estudando e trabalhar"
2017;"Sudeste";"MG";3170206;"Interior";"Estadual";"Urbana";296,218514;286,231907;"Masculino";"Parda";"Janeiro";"2001";"Sim, três";"Não sei";"Não sei";"Mais de 3 horas";"Entre 1 e 2 horas";"Não";"Continuar estudando e trabalhar"
2017;"Nordeste";"RN";2410306;"Interior";"Estadual";"Urbana";226,902083;218,44407;"Feminino";"Parda";"Abril";"2002";"Não tem";"Não sei";"Não sei";"Menos de 1 hora";"Mais de 2 horas, até 3 horas";"Não";"Continuar estudando e trabalhar"
2017;"Norte";"PA";1500800;"Interior";"Estadual";"Urbana";290,853357;304,302679;"Masculino";"Parda";"Dezembro";"2002";"Sim, dois";"Completou o Ensino Médio, mas não completou a Faculdade";"Completou o Ensino Médio, mas não completou a Faculdade";"Mais de 3 horas";"Entre 1 e 2 horas";"Não";"Somente continuar estudando"
2017;"Nordeste";"PI";2202703;"Interior";"Municipal";"Rural";315,834285;267,446886;"Masculino";"Parda";"Agosto";"1999";"Não tem";"Não completou a 4.ª série/5.º ano do Ensino Fundamental";"Nunca estudou";"Mais de 2 horas, até 3 horas";"Menos de 1 hora";"Não";"Somente continuar estudando"
2017;"Nordeste";"PE";2611903;"Interior";"Municipal";"Urbana";269,283809;239,442371;"Feminino";"Parda";"Agosto";"2003";"Sim, um";"Completou a 4.ª série/5.º ano, mas não completou a 8.ª série/9.º ano do Ensino Fundamental";"Completou a 4.ª série/5.º ano, mas não completou a 8.ª série/9.º ano do Ensino Fundamental";"Entre 1 e 2 horas";"Mais de 3 horas";"Não";"Somente continuar estudando"
2017;"Sudeste";"SP";3549805;"Interior";"Estadual";"Urbana";208,020486;236,108729;"Masculino";"Preta";"Janeiro";"2003";"Sim, três";"Completou o Ensino Médio, mas não completou a Faculdade";"Completou o Ensino Médio, mas não completou a Faculdade";"Mais de 3 horas";"Entre 1 e 2 horas";"Não";"Continuar estudando e trabalhar"
2017;"Nordeste";"PI";2201960;"Interior";"Municipal";"Rural";200,546465;210,959473;"Feminino";"Parda";"Fevereiro";"2003";"Não tem";"Não completou a 4.ª série/5.º ano do Ensino Fundamental";"Não completou a 4.ª série/5.º ano do Ensino Fundametal";"Mais de 2 horas, até 3 horas";"Menos de 1 hora";"Não";"Somente continuar estudando"
2017;"Nordeste";"AL";2707701;"Interior";"Municipal";"Urbana";189,927219;211,83525;"Feminino";"Parda";"Agosto";"2002";"Não tem";"Completou a 8.ª série/9.º ano do Ensino Fundamental, mas não completou o Ensino Médio";"Completou a 8.ª série/9.º ano do Ensino Fundamental, mas não completou o Ensino Médio";"Não vejo TV, não navego na internet e não jogo jogos eletrônicos";"Mais de 3 horas";"Sim";"Somente continuar estudando"
2017;"Sudeste";"MG";3106705;"Interior";"Municipal";"Urbana";294,181712;289,762178;"Feminino";"Parda";"Março";"2003";"Sim, um";"Completou o Ensino Médio, mas não completou a Faculdade";"Completou o Ensino Médio, mas não completou a Faculdade";"Entre 1 e 2 horas";"Menos de 1 hora";"Não";"Continuar estudando e trabalhar"
2017;"Sudeste";"MG";3100609;"Interior";"Estadual";"Urbana";189,177674;180,310524;"Feminino";"Branca";"Junho";"2002";"Sim, um";"Não sei";"Não sei";"Menos de 1 hora";"Entre 1 e 2 horas";"Não";"Somente continuar estudando"
2017;"Sul";"PR";4117503;"Interior";"Estadual";"Urbana";292,399772;268,184274;"Masculino";"Parda";"Outubro";"2002";"Não tem";"Completou o Ensino Médio, mas não completou a Faculdade";"Completou o Ensino Médio, mas não completou a Faculdade";"Mais de 3 horas";"Entre 1 e 2 horas";"Não";"Continuar estudando e trabalhar"
2017;"Nordeste";"AL";2709103;"Interior";"Municipal";"Urbana";193,886284;200,692667;"Feminino";"Preta";"Junho";"2002";"Não tem";"Não sei";"Não sei";"Não vejo TV, não navego na internet e não jogo jogos eletrônicos";"Menos de 1 hora";"Não";"Ainda não sei"
2017;"Sudeste";"RJ";3304557;"Capital";"Municipal";"Urbana";247,87249;254,398431;"Masculino";"Parda";"Abril";"2000";"Sim, um";"Completou a 4.ª série/5.º ano, mas não completou a 8.ª série/9.º ano do Ensino Fundamental";"Completou a 4.ª série/5.º ano, mas não completou a 8.ª série/9.º ano do Ensino Fundamental";"Entre 1 e 2 horas";"Menos de 1 hora";"Não";"Somente continuar estudando"
2017;"Nordeste";"BA";2927408;"Capital";"Municipal";"Urbana";184,990579;215,22702;"Feminino";"Parda";"Janeiro";"2001";"Sim, um";"Não sei";"Completou o Ensino Médio, mas não completou a Faculdade";"Mais de 3 horas";"Mais de 3 horas";"Sim";"Continuar estudando e trabalhar"
2017;"Sudeste";"SP";3500303;"Interior";"Municipal";"Urbana";306,113337;253,791161;"Feminino";"Branca";"Junho";"2003";"Sim, três";"Completou a 4.ª série/5.º ano, mas não completou a 8.ª série/9.º ano do Ensino Fundamental";"Completou a 8.ª série/9.º ano do Ensino Fundamental, mas não completou o Ensino Médio";"Mais de 3 horas";"Mais de 2 horas, até 3 horas";"Não";"Continuar estudando e trabalhar"
2017;"Centro-Oeste";"GO";5221858;"Interior";"Municipal";"Urbana";279,406443;212,166132;"Masculino";"Não quero declarar";"Julho";"2003";"Sim, um";"Não sei";"Não sei";"Mais de 3 horas";"Não faço trabalhos domésticos";"Não";"Continuar estudando e trabalhar"
2017;"Nordeste";"CE";2300754;"Interior";"Municipal";"Urbana";284,229482;324,639326;"Masculino";"Parda";"Maio";"2003";"Sim, um";"Completou a 8.ª série/9.º ano do Ensino Fundamental, mas não completou o Ensino Médio";"Completou a 8.ª série/9.º ano do Ensino Fundamental, mas não completou o Ensino Médio";"Mais de 3 horas";"Menos de 1 hora";"Não";"Continuar estudando e trabalhar"
2017;"Sudeste";"SP";3529401;"Interior";"Estadual";"Urbana";261,480661;266,957493;"Masculino";"Parda";"Janeiro";"2003";"Sim, um";"Não sei";"Não sei";"Mais de 2 horas, até 3 horas";"Entre 1 e 2 horas";"Não";"Continuar estudando e trabalhar"
2017;"Nordeste";"PB";2504009;"Interior";"Estadual";"Urbana";158,70559;213,89259;"Masculino";"Preta";"Outubro";"2001";"Sim, um";"Não sei";"Não sei";"Mais de 2 horas, até 3 horas";"Não faço trabalhos domésticos";"Não";"Somente continuar estudando"
2017;"Nordeste";"BA";2927002;"Interior";"Municipal";"Urbana";169,702391;188,198384;"Feminino";"Branca";"Setembro";"1998 ou antes";"Não tem";"Não completou a 4.ª série/5.º ano do Ensino Fundamental";"Não completou a 4.ª série/5.º ano do Ensino Fundametal";"Mais de 3 horas";"Entre 1 e 2 horas";"Sim";"Continuar estudando e trabalhar"
2017;"Nordeste";"BA";2905701;"Interior";"Municipal";"Urbana";285,754521;261,299457;"Masculino";"Preta";"Dezembro";"2002";"Sim, um";"Completou o Ensino Médio, mas não completou a Faculdade";"Completou o Ensino Médio, mas não completou a Faculdade";"Mais de 2 horas, até 3 horas";"Menos de 1 hora";"Não";"Continuar estudando e trabalhar"
2017;"Nordeste";"PE";2607901;"Interior";"Municipal";"Urbana";290,566981;237,763757;"Feminino";"Branca";"Abril";"2003";"Sim, um";"Completou a Faculdade";"Completou a Faculdade";"Mais de 3 horas";"Entre 1 e 2 horas";"Não";"Somente continuar estudando"
2017;"Sudeste";"ES";3205200;"Interior";"Municipal";"Urbana";291,925914;326,806662;"Masculino";"Parda";"Abril";"2002";"Sim, um";"Completou a 4.ª série/5.º ano, mas não completou a 8.ª série/9.º ano do Ensino Fundamental";"Não sei";"Mais de 3 horas";"Menos de 1 hora";"Não";"Continuar estudando e trabalhar"
2017;"Norte";"RO";1100122;"Interior";"Estadual";"Urbana";283,618662;323,327589;"Feminino";"Branca";"Novembro";"2002";"Sim, dois";"Completou o Ensino Médio, mas não completou a Faculdade";"Completou a 4.ª série/5.º ano, mas não completou a 8.ª série/9.º ano do Ensino Fundamental";"Mais de 3 horas";"Mais de 2 horas, até 3 horas";"Não";"Continuar estudando e trabalhar"
2017;"Nordeste";"PE";2602209;"Interior";"Municipal";"Urbana";272,772872;280,653349;"Masculino";"Parda";"Fevereiro";"2002";"Sim, um";"Completou o Ensino Médio, mas não completou a Faculdade";"Completou a 4.ª série/5.º ano, mas não completou a 8.ª série/9.º ano do Ensino Fundamental";"Entre 1 e 2 horas";"Mais de 3 horas";"Não";"Somente continuar estudando"
2017;"Nordeste";"BA";2924009;"Interior";"Municipal";"Urbana";323,395078;249,208773;"Feminino";"Branca";"Outubro";"2002";"Sim, um";"Completou a 8.ª série/9.º ano do Ensino Fundamental, mas não completou o Ensino Médio";"Não completou a 4.ª série/5.º ano do Ensino Fundametal";"Entre 1 e 2 horas";"Mais de 2 horas, até 3 horas";"Não";"Continuar estudando e trabalhar"
2017;"Nordeste";"PB";2501807;"Interior";"Municipal";"Urbana";192,902206;216,30686;"Masculino";"Parda";"Dezembro";"2000";"Não tem";"Não completou a 4.ª série/5.º ano do Ensino Fundamental";"Não completou a 4.ª série/5.º ano do Ensino Fundametal";"Entre 1 e 2 horas";"Não faço trabalhos domésticos";"Sim";"Somente continuar estudando"
2017;"Norte";"PA";1503309;"Interior";"Municipal";"Rural";180,030854;215,912707;"Masculino";"Preta";"Novembro";"2002";"Não tem";"Nunca estudou";"Completou a 8.ª série/9.º ano do Ensino Fundamental, mas não completou o Ensino Médio";"Mais de 3 horas";"Não faço trabalhos domésticos";"Não";"Somente continuar estudando"
2017;"Nordeste";"CE";2301901;"Interior";"Municipal";"Urbana";301,82553;300,938296;"Masculino";"Parda";"Outubro";"2002";"Sim, um";"Completou a Faculdade";"Não sei";"Mais de 3 horas";"Não faço trabalhos domésticos";"Não";"Continuar estudando e trabalhar"
2017;"Norte";"PA";1503309;"Interior";"Municipal";"Rural";231,717739;213,43159;"Feminino";"Parda";"Novembro";"2002";"Não tem";"Completou a 4.ª série/5.º ano, mas não completou a 8.ª série/9.º ano do Ensino Fundamental";"Não completou a 4.ª série/5.º ano do Ensino Fundametal";"Entre 1 e 2 horas";"Entre 1 e 2 horas";"Não";"Ainda não sei"
2017;"Norte";"AC";6305516;"Interior";"Municipal";"Rural";209,692514;289,146803;"Masculino";"Parda";"Agosto";"2002";"Não tem";"Não sei";"Não sei";"Não vejo TV, não navego na internet e não jogo jogos eletrônicos";"Mais de 3 horas";"Sim";"Continuar estudando e trabalhar"
2017;"Centro-Oeste";"GO";5217302;"Interior";"Estadual";"Rural";328,19068;312,781489;"Feminino";"Branca";"Agosto";"2002";"Sim, um";"Não completou a 4.ª série/5.º ano do Ensino Fundamental";"Não completou a 4.ª série/5.º ano do Ensino Fundametal";"Mais de 3 horas";"Não faço trabalhos domésticos";"Não";"Continuar estudando e trabalhar"
2017;"Sudeste";"SP";3518800;"Interior";"Estadual";"Urbana";278,675961;212,576941;"Feminino";"Branca";"Agosto";"2003";"Sim, três";"Completou a Faculdade";"Completou a Faculdade";"Mais de 3 horas";"Menos de 1 hora";"Não";"Somente continuar estudando"
2017;"Nordeste";"AL";2703205;"Interior";"Estadual";"Urbana";194,709323;153,74898;"Feminino";"Preta";"Fevereiro";"2003";"Não tem";"Nunca estudou";"Nunca estudou";"Mais de 2 horas, até 3 horas";"Mais de 2 horas, até 3 horas";"Não";"Somente continuar estudando"
2017;"Nordeste";"BA";2917102;"Interior";"Municipal";"Urbana";205,843802;209,724029;"Masculino";"Parda";"Maio";"2000";"Sim, um";"Completou o Ensino Médio, mas não completou a Faculdade";"Completou a 8.ª série/9.º ano do Ensino Fundamental, mas não completou o Ensino Médio";"Mais de 3 horas";"Não faço trabalhos domésticos";"Sim";"Somente continuar estudando"
2017;"Sudeste";"SP";3527306;"Interior";"Estadual";"Urbana";188,366755;201,832367;"Feminino";"Branca";"Junho";"2003";"Sim, um";"Completou o Ensino Médio, mas não completou a Faculdade";"Completou a 8.ª série/9.º ano do Ensino Fundamental, mas não completou o Ensino Médio";"Menos de 1 hora";"Entre 1 e 2 horas";"Não";"Continuar estudando e trabalhar"
2017;"Nordeste";"PE";2612604;"Interior";"Estadual";"Urbana";270,99242;288,211389;"Masculino";"Parda";"Agosto";"2002";"Sim, um";"Completou o Ensino Médio, mas não completou a Faculdade";"Completou a Faculdade";"Entre 1 e 2 horas";"Não faço trabalhos domésticos";"Não";"Somente continuar estudando"
2017;"Nordeste";"MA";2101400;"Interior";"Municipal";"Rural";269,954736;255,152307;"Feminino";"Parda";"Março";"2003";"Sim, um";"Não sei";"Completou o Ensino Médio, mas não completou a Faculdade";"Mais de 3 horas";"Não faço trabalhos domésticos";"Não";"Ainda não sei"
2017;"Norte";"RO";1101302;"Interior";"Municipal";"Rural";210,656483;273,704424;"Feminino";"Parda";"Outubro";"2002";"Não tem";"Completou o Ensino Médio, mas não completou a Faculdade";"Completou a 4.ª série/5.º ano, mas não completou a 8.ª série/9.º ano do Ensino Fundamental";"Entre 1 e 2 horas";"Entre 1 e 2 horas";"Não";"Continuar estudando e trabalhar"
2017;"Nordeste";"MA";2105989;"Interior";"Municipal";"Urbana";287,625602;333,774927;"Masculino";"Branca";"Março";"2003";"Sim, um";"Completou a Faculdade";"Não sei";"Entre 1 e 2 horas";"Menos de 1 hora";"Sim";"Continuar estudando e trabalhar"
2017;"Nordeste";"SE";2800506;"Interior";"Municipal";"Rural";224,282394;270,588874;"Feminino";"Parda";"Janeiro";"2003";"Não tem";"Não completou a 4.ª série/5.º ano do Ensino Fundamental";"Não completou a 4.ª série/5.º ano do Ensino Fundametal";"Não vejo TV, não navego na internet e não jogo jogos eletrônicos";"Menos de 1 hora";"Sim";"Somente continuar estudando"
2017;"Sudeste";"SP";3523602;"Interior";"Estadual";"Urbana";236,009622;217,783926;"Feminino";"Não quero declarar";"Abril";"2002";"Não tem";"Completou o Ensino Médio, mas não completou a Faculdade";"Não sei";"Menos de 1 hora";"Mais de 3 horas";"Não";"Continuar estudando e trabalhar"
2017;"Norte";"PA";1501402;"Capital";"Municipal";"Urbana";221,207027;227,64881;"Masculino";"Parda";"Outubro";"2002";"Não tem";"Completou a 4.ª série/5.º ano, mas não completou a 8.ª série/9.º ano do Ensino Fundamental";"Completou a 4.ª série/5.º ano, mas não completou a 8.ª série/9.º ano do Ensino Fundamental";"Menos de 1 hora";"Menos de 1 hora";"Não";"Continuar estudando e trabalhar"
2017;"Norte";"AM";1302009;"Interior";"Estadual";"Urbana";248,206631;276,311968;"Feminino";"Parda";"Setembro";"2002";"Não tem";"Completou o Ensino Médio, mas não completou a Faculdade";"Não sei";"Mais de 3 horas";"Mais de 3 horas";"Não";"Somente continuar estudando"
2017;"Norte";"PA";1500800;"Interior";"Estadual";"Urbana";206,072164;235,566126;"Feminino";"Parda";"Novembro";"2001";"Não tem";"Completou a Faculdade";"Não sei";"Entre 1 e 2 horas";"Mais de 2 horas, até 3 horas";"Não";"Ainda não sei"
2017;"Sul";"PR";4109708;"Interior";"Estadual";"Urbana";283,759039;323,736385;"Masculino";"Parda";"Maio";"2003";"Sim, dois";"Completou a 4.ª série/5.º ano, mas não completou a 8.ª série/9.º ano do Ensino Fundamental";"Completou o Ensino Médio, mas não completou a Faculdade";"Mais de 2 horas, até 3 horas";"Entre 1 e 2 horas";"Não";"Continuar estudando e trabalhar"
